company_title,job_title,job_url,salary_range,location,remote_status
Not Available,"Sr. Product Analyst, SEO",https://www.linkedin.com/jobs/view/4091490834/,$145K/yr - $177.5K/yr,"Santa Monica, CA (Remote)",Onsite
Not Available,"Senior Managing Editor, SEO (100% Remote, Anywhere in USA)",https://www.linkedin.com/jobs/view/4092463065/,$120K/yr - $140K/yr · 2 benefits,"Los Angeles, CA (Remote)","Senior Managing Editor, SEO (100% Remote, Anywhere in USA)"
Not Available,SEO Manager,https://www.linkedin.com/jobs/view/4056208531/,$142K/yr - $170K/yr,"Sunnyvale, CA (Remote)",Onsite
Not Available,"Lead Product Manager, SEO (Remote - United States)",https://www.linkedin.com/jobs/view/4056068020/,$120K/yr - $315K/yr,United States (Remote),"Lead Product Manager, SEO (Remote - United States)"
Not Available,"Sr. Decision Scientist, SEO",https://www.linkedin.com/jobs/view/4082605584/,$145K/yr - $177.5K/yr,"Santa Monica, CA (Remote)",Onsite
Not Available,"Director, SEO",https://www.linkedin.com/jobs/view/4082641281/,$190K/yr - $225K/yr,United States (Remote),Onsite
Not Available,Digital Strategy and SEO Lead,https://www.linkedin.com/jobs/view/4079237893/,$113K/yr - $182.8K/yr,"Maryland, United States (Remote)",Onsite
Not Available,Technical Product Manager (SEO),https://www.linkedin.com/jobs/view/4080020848/,"$60/hr - $75/hr · 401(k), +1 benefit","Almont, CO (Remote)",Onsite
Not Available,"Director/Manager, SEO & Content Strategy",https://www.linkedin.com/jobs/view/4085695938/,$120K/yr - $150K/yr,United States (Remote),Onsite
Not Available,SEO Director | Bankrate,https://www.linkedin.com/jobs/view/4037071880/,"$130K/yr - $180K/yr · Medical, 401(k), +1 benefit",United States (Remote),Onsite
Not Available,Technical SEO Manager,https://www.linkedin.com/jobs/view/4078685083/,"$60/hr - $75/hr · 401(k), +4 benefits",United States (Remote),Onsite
Not Available,Lead SEO Specialist (Consumer Marketplaces),https://www.linkedin.com/jobs/view/4085890622/,"$112K/yr - $204K/yr · 401(k), +1 benefit",United States (Remote),Onsite
Not Available,"Director, Content Marketing & SEO",https://www.linkedin.com/jobs/view/4077774996/,$120K/yr - $160K/yr · 1 benefit,"New York, NY (Remote)",Onsite
Not Available,SEO Manager,https://www.linkedin.com/jobs/view/4067198593/,$125K/yr - $168K/yr,San Francisco Bay Area (Remote),Onsite
Not Available,"Manager of UX, CRO & SEO",https://www.linkedin.com/jobs/view/4005961656/,$75.5K/yr - $161.4K/yr,United States (Remote),Onsite
Not Available,"Designer, Web Presence (Growth & SEO)",https://www.linkedin.com/jobs/view/4069017603/,$152.7K/yr - $229.1K/yr,United States (Remote),Onsite
